k,run_count,total_numbers,min_run_length,max_run_length,avg_run_length,total_time_ms,max_tree_depth,weighted_path_length,numbers_per_run,time_per_number_ms
8,7840,19989,0,19,2.55,25530,15,252961,2.5496173469387755,1.2772024613537445
16,6316,19980,0,38,3.16,12639,15,241027,3.1633945535148826,0.6325825825825826
32,6239,19959,0,76,3.2,5840,15,237321,3.199070363840359,0.2925998296507841
64,6520,19933,0,125,3.06,8625,15,239146,3.0572085889570553,0.4326995434706266
